รหัสประจำตัว,ชื่อคน
12345,สมชาย
12346,สมหญิง
12345,สุเมธ
12347,จิราภรณ์
12348,ธนา
12345,ธีรชัย
12349,พัชรินทร์
12346,กิตติศักดิ์
12350,วรวุฒิ
12351,สมบัติ
12350,อนุชา
12352,สุริยา
12353,สิรินทร์
12350,ภิญโญ
12354,นันทนา
12352,ภัทรา
12355,ภูมิ
12355,มนัส
12357,ศิริวัฒน์
12355,พิทยา
12356,อุดม
12356,สุทธิกา
12358,ดลพงษ์
12356,จิรัตน์
12359,นิธิศ
12358,เอกชัย
12357,มาลี
12359,กาญจนา
12360,วรพล
12360,ธิศรา
12361,ลลิตา
12362,ศิริชัย
12363,อมร
12362,จุฑามาศ
12361,สุรชัย
12363,วีระยุทธ
12364,อรพรรณ
12365,อาทิตย์
12363,อรพิมล
12364,อนิล
12366,กาญจนาภา
12366,พัชรา
12367,มานพ
12367,ตุ๊กตา
12368,รัชนี
12368,ทรงพร
12369,สุรศักดิ์
12369,จุฑามาศ
12370,ภัทรา
12370,สุดารัตน์
12371,พิสิษฐ์
12371,บรรจง
12372,สุเมธ
12372,เจษฎา
12373,นิภาพร
12374,ประทีป
12373,ตฤณ
12374,ดวงใจ
12375,ณัฐชัย
12375,อัจฉรา
12376,จิราธิวัฒน์
12377,ศุภชัย
12377,นิธิศ
12378,ปิยะ
12377,ขวัญ
12378,วรพล
12379,ศิริวัฒน์
12379,ดวงใจ
12380,มาลี
12381,เทียน
12380,สมพร
12381,ศิริวัฒน์
12382,เพชร
12382,อริสา
12383,สุทิน
12384,สมพร
12384,ธนพัฒน์
12385,วรวุฒิ
12385,ปณิตา
12386,เฉลิม
12387,ณิชาภา
12386,วิไล
12388,กิตติศักดิ์
12387,อภิรักษ์
12388,สรวง
12389,วงศ์จันทร์
12390,วรชัย
12390,สุดารัตน์
12391,อนุชิต
12391,ภัทรา
12392,สิริกุล
12392,สิรินทร์
12393,มานะ
12394,พรชัย
12394,สมบัติ
12395,อรรณพ
12395,นนท์
12396,ชนัญญา
12397,พัชรชัย
12396,กรรณิการ์
